<?xml version="1.0" encoding="utf-8"?>
<extension type="component" version="2.5.0" method="upgrade">
 
        <name>Gestion projet</name>
        <!-- The following elements are optional and free of formatting constraints -->
        <creationDate>November 2009</creationDate>
        <author>Quentin Choulet</author>
        <authorEmail>quentin.choulet@example.org</authorEmail>
        <authorUrl>http://www.example.org</authorUrl>
        <copyright>Copyright Info</copyright>
        <license>License Info</license>
        <!--  The version string is recorded in the components table -->
        <version>0.1.1</version>
        <!-- The description is optional and defaults to the name -->
        <description>Gère toute la partie gestion de projet du site</description>
 

        <install> <!-- Runs on install -->
                <sql>
                        <file driver="mysql" charset="utf8">sql/install.mysql.utf8.sql</file>
                </sql>
        </install>
		<uninstall> <!-- Runs on uninstall -->
			<sql>
				<file driver="mysql" charset="utf8">sql/uninstall.mysql.utf8.sql</file>
			</sql>
		</uninstall>
        <update> <!-- Runs on update; New in 2.5 -->
                <schemas>
                        <schemapath type="mysql">sql/updates/mysql</schemapath>
                </schemas>
        </update>
 
        <!-- Site Main File Copy Section -->
        <!-- Note the folder attribute: This attribute describes the folder
                to copy FROM in the package to install therefore files copied
                in this section are copied from /site/ in the package -->
        <files folder="site">
                <filename>index.html</filename>
                <filename>gestionprojet.php</filename>
                <filename>controller.php</filename>
                <folder>views</folder>
                <folder>models</folder>
        </files>
 
        <administration>
                <!-- Administration Menu Section -->
                <menu>Gestion de projet</menu>
                <!-- Administration Main File Copy Section -->
                <!-- Note the folder attribute: This attribute describes the folder
                        to copy FROM in the package to install therefore files copied
                        in this section are copied from /admin/ in the package -->
                <files folder="admin">
                        <!-- Admin Main File Copy Section -->
                        <filename>index.html</filename>
                        <filename>gestionprojet.php</filename>
                        <!-- SQL files section -->
                        <folder>sql</folder>
                </files>
        </administration>
 
</extension>